name,survey,n_obs,baseline_d,mag_median,amplitude,period_ls,power_ls,fap_ls,sl_ls,cov_ls,has_minent,period_me,entropy_me,sl_me,cov_me,dP,dP_rel,agree,harmonic
OGLE_00,OGLE,665,2246.8068699999994,14.052,0.21499999999999986,4.717400749864963,0.9425731448928042,0.0,24.10460980589694,1.0,False,,,,,,,False,
OGLE_01,OGLE,499,2246.9436799999994,16.62,0.45009999999999906,1.8334998011186283,0.7187978466164557,6.891017063531963e-133,17.461878239156643,1.0,False,,,,,,,False,
OGLE_02,OGLE,220,3603.8854700000957,17.5,0.22435000000000116,0.10299761788030329,0.9620910986753248,1.9646659775454782e-150,16.933098850996164,1.0,True,0.10299761788029715,1.2328158631266377,16.933098846685922,1.0,6.13398221105399e-15,5.955460269171318e-14,True,≈ P_ME
OGLE_03,OGLE,110,684.1210800000008,14.8295,0.6190499999999979,0.5231835005308781,0.6855866181257877,4.849030083756291e-24,5.632695477085979,1.0,False,,,,,,,False,
OGLE_04,OGLE,268,2021.7683499999994,17.3425,0.263300000000001,0.30528424212687894,0.9299302527448091,3.3173942088990414e-149,19.832559378974356,1.0,False,,,,,,,False,
OGLE_05,OGLE,482,2246.8234199999997,18.84,0.5798499999999969,0.5316563280536287,0.6866675916230905,5.1603293039725945e-117,40.60397638457769,1.0,False,,,,,,,False,
OGLE_06,OGLE,2000,2714.7769199999993,17.628,0.259999999999998,0.2735215078353094,0.9045016715568269,0.0,132.96352531462972,1.0,False,,,,,,,False,
OGLE_07,OGLE,234,5193.848050000146,16.373,0.06869999999999976,4.634117117603212,0.16717560021448705,2.2765237794789142e-06,35.039101640004404,1.0,False,,,,,,,False,
OGLE_08,OGLE,131,3121.7625500000004,15.35,0.18900000000000006,3.466020706852097,0.3520894196519319,1.6552973926955223e-09,24.873548006941085,1.0,False,,,,,,,False,
OGLE_09,OGLE,5680,5025.563850000035,19.441,0.3150499999999994,2.026717847037515,0.07062620251362872,1.0023683162609302e-85,703.9487416570344,1.0,False,,,,,,,False,
OGLE_0a,OGLE,913,5195.837160000112,17.958,0.24079999999999657,1.825801845300914,0.12199442575191995,3.6433253500424944e-22,89.63516135799367,1.0,False,,,,,,,False,
OGLE_0b,OGLE,527,2246.94402,16.938,0.22100000000000009,1.0075555626635755,0.9085307061088775,4.6286372236973173e-268,32.9342502538777,1.0,False,,,,,,,False,
OGLE_0c,OGLE,157,1204.0578000000005,17.856,0.3338000000000001,0.2798893935794197,0.8867533785659104,1.2211908552018921e-69,11.175414858975257,1.0,False,,,,,,,False,
OGLE_0d,OGLE,731,2246.87046,15.702,0.5935000000000006,2.53858699000776,0.7781335237211828,5.635425247885477e-234,15.125468307138298,1.0,False,,,,,,,False,
OGLE_0e,OGLE,1198,2713.8410000000003,16.014499999999998,0.3301499999999997,0.62827896507363,0.7666410083095923,0.0,73.10141161470195,1.0,False,,,,,,,False,
OGLE_0f,OGLE,670,2246.8068699999994,15.236,0.6125500000000006,3.113729220416343,0.7543687629109161,2.167991233619027e-199,16.946973327664566,1.0,False,,,,,,,False,
OGLE_10,OGLE,895,5181.846880000085,19.332,0.3619000000000021,0.9973750653078772,0.15036693459236133,5.68909746847132e-28,155.251547143695,0.95,False,,,,,,,False,
OGLE_11,OGLE,700,5174.85783999972,18.486,0.3531499999999994,1.8483049201737682,0.10061309481992685,1.0901997443071193e-12,37.7005879439092,1.0,False,,,,,,,False,
OGLE_12,OGLE,746,2246.85124,15.435,0.21799999999999997,1.9744117850173235,0.9551368113206233,0.0,42.91416132019275,1.0,True,1.9742382995949848,1.1515787332224923,49.978719150253454,1.0,0.0001734854223387483,8.787461086857593e-05,True,≈ P_ME
OGLE_13,OGLE,436,2233.8686,14.488,0.32399999999999984,4.654020320472939,0.7939136733387104,9.813624477316548e-145,11.030075886955553,1.0,False,,,,,,,False,
OGLE_14,OGLE,113,495.80229000002146,15.937,0.4181999999999988,0.1594896398075368,0.8618984798051554,1.866125786324257e-44,8.944751890155278,1.0,False,,,,,,,False,
OGLE_15,OGLE,5754,5195.859850000124,20.192,0.575999999999997,0.22612042749367506,0.2384921227348484,0.0,761.9943479808501,1.0,False,,,,,,,False,
OGLE_16,OGLE,229,1968.5820400000002,15.532,0.11660000000000181,0.1003315987859569,0.987546351182023,2.44185227407499e-211,20.70768487750352,1.0,True,0.10033108743421804,1.144821777719534,21.8410170690947,1.0,5.113517388688482e-07,5.096643044002841e-06,True,≈ P_ME
OGLE_17,OGLE,470,2246.8200400000005,18.898,0.703750000000003,0.5234924186322382,0.7214647768228348,7.090932046585313e-126,40.807593562945584,1.0,False,,,,,,,False,
OGLE_18,OGLE,490,2243.96543,15.784,0.5001000000000015,3.1410642338452637,0.739108454834189,2.556009041192823e-138,11.402477747922084,1.0,False,,,,,,,False,
OGLE_19,OGLE,487,2216.9382300000007,17.004,0.4117000000000033,0.861350357666159,0.8822725237300781,7.053106668325328e-221,22.502710533552353,1.0,False,,,,,,,False,
OGLE_1a,OGLE,671,2246.8068699999994,15.07,0.4560000000000013,3.3361118044948475,0.7694458113151827,7.246878916202684e-209,10.37539181198452,1.0,False,,,,,,,False,
OGLE_1b,OGLE,100,4598.117659999989,14.8605,0.23819999999999908,0.17233024632195157,0.9499350530344579,6.969789335190585e-60,8.752051666366048,1.0,False,,,,,,,False,
OGLE_1c,OGLE,2000,2676.82272,15.98,0.27999999999999936,0.3652080869909635,0.8078214726928373,0.0,174.71600004380457,1.0,False,,,,,,,False,
OGLE_1d,OGLE,596,2394.7114199999996,17.012,0.17275000000000063,0.12487563220459064,0.08761021548767185,1.2805406692748157e-08,158.38895368644575,1.0,False,,,,,,,False,
OGLE_1e,OGLE,524,2246.94402,16.5935,0.6540999999999997,1.7613497531048974,0.6767945025304976,4.8262132925776256e-124,11.338461725960348,1.0,False,,,,,,,False,
OGLE_1f,OGLE,104,404.8767400000015,17.9045,0.3146500000000003,0.17733735966900127,0.1917993852098144,0.0262399092554817,26.19222749081847,1.0,False,,,,,,,False,
OGLE_20,OGLE,770,2246.85124,15.687,0.17600000000000016,1.565220845855314,0.9641730519329945,0.0,34.27188786049333,1.0,True,1.5652208458553925,0.8892234221511329,34.27188786011207,1.0,-7.838174553853605e-14,-5.0077115792372714e-14,True,≈ P_ME
OGLE_21,OGLE,1377,3501.7463100000004,14.205,0.036000000000001364,0.997144372275067,0.034336288659602726,7.121886469558852e-07,315.99903424919586,0.85,False,,,,,,,False,
OGLE_22,OGLE,209,2236.8866499999995,18.859,0.5065999999999988,0.5733418297653825,0.6320706091871594,1.1997672370202513e-41,19.681496048283975,1.0,False,,,,,,,False,
OGLE_23,OGLE,146,2505.169240000001,17.6095,0.2497499999999988,0.13324434932545268,0.6354452835265934,1.4250683952420082e-28,20.093150981975125,1.0,False,,,,,,,False,
OGLE_24,OGLE,467,2708.8188,15.97,0.2900000000000009,0.2688391892979466,0.9398478137266503,4.778325548518217e-279,21.691269776557924,1.0,False,,,,,,,False,
OGLE_25,OGLE,496,2246.9436799999994,15.628499999999999,0.22824999999999918,1.8886730411083188,0.9747982312481962,0.0,17.881006922552785,1.0,True,1.8886730411082504,0.6965464578155425,17.8810069227327,1.0,6.838973831690964e-14,3.6210469905780714e-14,True,≈ P_ME
OGLE_26,OGLE,121,1598.8619799999997,15.368,0.2400000000000002,0.29885906369330206,0.9790251430539282,1.3912836177454518e-95,7.439030035399102,1.0,True,0.2988590636933145,0.7183363861144388,7.439030035444551,1.0,-1.2434497875801753e-14,-4.1606561039627304e-14,True,≈ P_ME
OGLE_27,OGLE,438,2232.93149,16.691499999999998,0.10829999999999984,0.781320844966272,0.9327458466019938,6.515513932411506e-251,31.738424659671377,1.0,False,,,,,,,False,
OGLE_28,OGLE,5773,5195.8374299998395,18.572,0.15300000000000225,3.561759894111938,0.03081342627868245,7.753587742498217e-35,691.9806338832063,1.0,False,,,,,,,False,
OGLE_29,OGLE,128,3284.0477799996734,14.438500000000001,0.25125000000000064,0.26177922290125666,0.9718343606453977,1.9204792759061204e-93,8.70914189710936,1.0,True,0.2617813096220476,0.8220876838943042,11.066572062411115,1.0,-2.0867207909391894e-06,-7.97123673172824e-06,True,≈ P_ME
OGLE_2a,OGLE,719,2421.6348900000003,15.356,0.28609999999999935,0.3007060384788868,0.9171518692767993,0.0,59.48809140381068,1.0,False,,,,,,,False,
OGLE_2b,OGLE,5680,5195.859850000124,18.366,0.36599999999999966,1.013809302947746,0.2947149900313764,0.0,385.81834575128045,1.0,False,,,,,,,False,
OGLE_2c,OGLE,384,5179.892140000127,14.418,0.14785000000000004,0.21999696384787523,0.9679208295480299,1.553650962921079e-280,21.025681466326613,1.0,True,0.2199960294952391,0.9722270836693131,23.853107452534367,1.0,9.343526361227372e-07,4.247134088131156e-06,True,≈ P_ME
OGLE_2d,OGLE,606,2076.58086,15.157499999999999,0.19775000000000098,2.556553016574094,0.9867396618733187,0.0,21.713270139487555,1.0,True,2.5565530165740107,0.7578411104297167,21.71327013954056,1.0,8.348877145181177e-14,3.265677297148077e-14,True,≈ P_ME
OGLE_2e,OGLE,378,2221.0187799999994,15.8945,0.3171499999999998,2.5429516880429697,0.7837208190556368,4.503944778382065e-121,15.301049516667652,1.0,False,,,,,,,False,
OGLE_2f,OGLE,2000,2706.68959,15.938500000000001,0.32399999999999984,0.2753731878341191,0.9548625883309548,0.0,73.66023891833908,1.0,True,0.2753703862708534,0.9521358178852082,121.58990159161775,1.0,2.801563265708573e-06,1.0173800108458157e-05,True,≈ P_ME
OGLE_30,OGLE,652,5175.872659999877,18.486,0.682349999999996,3.4036404300369263,0.2713506024465871,4.592593574138237e-41,52.63927969268641,1.0,False,,,,,,,False,
OGLE_31,OGLE,670,5175.887899999974,20.598,0.920899999999996,0.8631818915446159,0.09947138923149598,7.187295819724025e-12,94.75270005404046,1.0,False,,,,,,,False,
VVV_b278_13628426005991,VVV,59,3243.0794203900005,14.84515380859375,1.7440871238708482,0.11232257682185422,0.49923880937699616,2.341607214879232e-06,12.541906795739166,0.9,True,0.12559118686959606,0.5844916598174152,13.112937887880058,0.95,-0.013268610047741838,-0.10564921296204416,False,sin armónico simple
VVV_b278_13591568003645,VVV,61,3243.079441490001,13.499366760253906,1.8427743911743164,0.10065702151381088,0.4150645625583812,8.538699553736137e-05,10.91513390401121,0.95,False,,,,,,,False,
VVV_b278_13648911009610,VVV,170,3268.155932490001,14.168710231781006,0.6366755485534661,1.9818829766496406,0.685538795600427,3.55924405436996e-39,7.570655719909228,1.0,True,1.9818829766496584,0.7628407703104897,7.570655719886835,1.0,-1.7763568394002505e-14,-8.9629754144372e-15,True,≈ P_ME
VVV_b278_13603846011060,VVV,313,2402.2440736100034,15.255123138427734,1.482848358154298,0.996854404110174,0.3826401197813612,1.92171664905248e-29,28.919426918299024,0.9,False,,,,,,,False,
VVV_b278_13603857010807,VVV,86,3268.156437510006,14.492193222045898,1.4373717308044434,0.27317464342120307,0.30083802688099387,0.00023517636077147612,22.008043129821854,0.95,False,,,,,,,False,
VVV_b278_13591563007893,VVV,71,2532.13842956,14.58206844329834,1.6024723052978516,0.1305043433642801,0.5678822673609796,3.5353194387466865e-10,11.340582299761216,0.9,True,0.4254397896797143,0.9771427243817936,13.840107903759755,1.0,-0.2949354463154342,-0.6932483831318922,False,sin armónico simple
VVV_b278_13669390010041,VVV,168,3268.156062470007,14.097865581512451,0.517782974243163,0.6597916067266717,0.6231505972252449,2.774693188647833e-32,8.221542370917897,0.95,True,0.6597782867943112,0.8336762180012133,8.189071862567259,1.0,1.3319932360533748e-05,2.0188497601598544e-05,True,≈ P_ME
VVV_b278_13657095011090,VVV,166,3268.155862300002,14.086581707000732,0.7795491218566895,0.7513493233088806,0.5035566717724741,3.303971810393454e-22,10.721111626206408,1.0,True,0.7513665972337067,1.004871920256841,9.177538333015848,1.0,-1.7273924826088916e-05,-2.2990008991198203e-05,True,≈ P_ME
VVV_b278_13612046006196,VVV,167,3268.155932490001,14.819053649902344,0.6534354209899895,0.17723942300921655,0.8294286825612963,4.5329979017740696e-60,12.282034647410729,0.9,True,0.1772394230092185,0.9396111410894492,12.28203464753236,0.9,-1.942890293094024e-15,-1.0961953385466456e-14,True,≈ P_ME
VVV_b278_13616133005463,VVV,157,2402.2432276000036,13.951184272766113,0.5350555419921879,0.6938439002372307,0.4782374292198926,4.306267394457376e-19,7.20938231164244,0.95,False,,,,,,,False,
VVV_b278_13632523000122,VVV,84,3132.331977099995,14.33682632446289,1.4085971832275384,0.10816237802298853,0.25952087143111896,0.0027349615211793,22.843056236400166,0.95,False,,,,,,,False,
VVV_b278_13693960012307,VVV,49,2771.3012055899962,14.428716659545898,1.2350755691528317,0.10109024774459949,0.4321310158161533,0.00102928516288896,12.524227360883504,0.85,False,,,,,,,False,
VVV_b278_13698064004413,VVV,50,3132.331600339996,14.491945743560791,1.4112346172332764,0.1002697997820041,0.42786717399309343,0.0007810678739471439,9.910196642321042,0.8,False,,,,,,,False,
VVV_b278_13702150007297,VVV,68,3243.0797971499996,14.215387344360352,1.2913102626800548,0.11232220070137672,0.2871169718063764,0.0074274992475270385,11.074132576528841,1.0,False,,,,,,,False,
VVV_b278_13632529013036,VVV,335,3268.156992400007,14.027606010437012,0.6691513061523438,0.42192003105851844,0.5836699405043555,4.7569317833928837e-60,19.385785551269972,1.0,True,0.4219145841288122,1.2756192546271765,18.241833467886362,1.0,5.44692970622096e-06,1.2910029449368335e-05,True,≈ P_ME
VVV_b278_13685769001854,VVV,65,3126.3166267100023,14.741865158081055,1.2040132522583011,1.0113171176232751,0.48226433091282095,8.988475574672204e-07,13.295505096043618,0.85,False,,,,,,,False,
VVV_b278_13607953007645,VVV,247,3268.156437510006,13.879570007324219,0.5128753662109364,3.5372887769727908,0.528019934174113,6.682171914813357e-37,13.020078579703066,1.0,True,7.073692161106653,1.199395408127354,14.124568088423237,0.95,-3.536403384133862,-0.4999374164991377,False,≈ P_ME/2
VVV_b278_13632521004540,VVV,165,3268.155862300002,15.185711860656738,0.7548294067382812,0.474022550449707,0.726473423192496,8.341493912290092e-43,12.732195949915152,0.95,True,0.4740156751926149,1.0715917060780642,14.104460310360986,1.0,6.875257092087139e-06,1.4504282140655788e-05,True,≈ P_ME
VVV_b278_13657093002196,VVV,56,2507.0619166899996,13.872865676879883,1.092358112335205,0.11232202171248684,0.5092759993665549,4.050265015653973e-06,9.640393225553568,0.9,True,0.3088311021951741,0.5236542087576532,15.698320110053519,1.0,-0.19650908048268728,-0.6362995148024245,False,sin armónico simple
VVV_b278_13677573005967,VVV,79,3243.079066450002,14.484183311462402,1.1079370498657237,3.161179522493163,0.32481085882900246,0.00018252764083880274,18.061635574783445,0.75,False,,,,,,,False,
VVV_b278_13628426009125,VVV,68,3132.331600339996,14.692926406860352,1.780802154541016,0.3329174658332724,0.37106704956423275,0.00013858593892870287,13.840059553338573,0.9,False,,,,,,,False,
VVV_b278_13698064009373,VVV,75,3268.155455240005,14.716245651245117,1.1593482971191396,0.27815709286019097,0.3342348916581645,0.0002390036980378648,18.203511848115543,0.8,False,,,,,,,False,
VVV_b278_13624335012969,VVV,168,3268.157367440006,14.08229112625122,0.4023921012878411,0.649614809401509,0.6926974302503923,1.6534210504611972e-39,9.878591405022448,1.0,True,1.2992513800801795,1.0015191183137213,11.235112720574575,1.0,-0.6496365706786705,-0.5000083745445628,False,≈ P_ME/2
VVV_b278_13677578006095,VVV,163,3268.155862300002,14.223860740661621,0.43299894332885813,0.24452332523554957,0.8057453317526789,4.8137211438823913e-54,11.919285933893429,1.0,True,0.2445233252355755,1.085750111548228,11.919285932994347,1.0,-2.5923707624997405e-14,-1.0601732002467382e-13,True,≈ P_ME
VVV_b278_13698058009713,VVV,85,3243.079799910003,14.494193077087402,1.314432144165039,0.11115151652912394,0.28004350675580797,0.0007992661172343691,21.765477017837192,0.8,False,,,,,,,False,
VVV_b278_13632528001638,VVV,70,3268.1557561500013,14.484288692474365,0.8912824630737308,3.3470950666590267,0.4939017496252222,8.256105359180159e-08,14.26854118609085,0.9,False,,,,,,,False,
VVV_b278_13607953001630,VVV,78,3268.156372880003,13.865777492523193,1.183357048034667,0.17174504770342422,0.29098310481380474,0.0012058862911988712,16.636513046293352,0.9,False,,,,,,,False,
VVV_b278_13624337001516,VVV,61,3243.0790429899935,14.905184745788574,1.2662620544433594,0.5064376907030407,0.4332014105504775,3.386714656038453e-05,13.062394733406874,0.9,False,,,,,,,False,
VVV_b278_13681679002065,VVV,55,3132.3320889899987,14.901388168334961,1.4133252143859867,0.11583968469469937,0.3321353190804269,0.00921702817354191,10.676003238718945,0.95,False,,,,,,,False,
VVV_b278_13636618018532,VVV,58,3268.156239060001,14.964283466339111,1.4098701953887929,1.0405438046680489,0.4111366789427247,0.00019936033564736804,11.128447672716467,0.9,False,,,,,,,False,
VVV_b278_13628431007908,VVV,165,3268.156437510006,14.696869850158691,0.6302640914916999,1.8170399267151307,0.4810048428213336,1.6552300172493837e-20,9.943362735096965,0.95,False,,,,,,,False,
VVV_b278_13673478006858,VVV,168,3268.1561311900005,14.987343311309814,0.82064242362976,0.5454640098131528,0.6341294442466217,2.335333498905114e-33,11.214396111251874,0.95,True,0.5454731139054699,1.070568806329018,12.12523563021338,1.0,-9.104092317135937e-06,-1.669026774198383e-05,True,≈ P_ME
VVV_b278_13636620012237,VVV,167,3268.155932490001,14.304823875427246,0.34862184524536133,1.0755764886483445,0.4103426353132064,2.6754173054033584e-16,29.888342226991043,0.95,False,,,,,,,False,
VVV_b278_13620233004017,VVV,75,3268.155242779998,14.80963134765625,0.7880887031555179,0.10757901230429814,0.4889230290437865,2.1193642420234204e-08,19.26970663571911,0.9,False,,,,,,,False,
VVV_b278_13657105000896,VVV,168,3268.156239060001,14.921377658843994,0.47637734413146937,1.6441769636231192,0.707893748326678,2.598029314549025e-41,12.83675512021124,1.0,True,1.6444251518145239,1.199221579305382,13.82276917531636,1.0,-0.00024818819140470794,-0.00015092702220642103,True,≈ P_ME
VVV_b278_13698053010679,VVV,57,3132.332467289998,13.937089920043945,1.238029861450194,0.177469932803882,0.4999544720855311,3.7518889556837033e-06,10.263304180078741,0.85,True,0.14975175402230956,0.7010695421871072,10.061711908581431,0.9,0.027718178781572456,0.18509418445571654,False,sin armónico simple
VVV_b278_13607948001363,VVV,331,3268.157367440006,14.505278587341309,0.4853672981262207,1.747943445740746,0.6882198700969373,8.149430690556622e-80,18.619743787468916,0.95,True,1.7480369378638465,1.4308669911818361,20.921669463176485,1.0,-9.349212310061361e-05,-5.348406608321663e-05,True,≈ P_ME
VVV_b278_13612043009408,VVV,168,3268.1561311900005,14.888730525970459,0.6486391067504886,1.9997093003063875,0.784529311816317,3.816295337253824e-52,11.843631945297457,0.7,True,3.9991356977586534,1.0359434138113486,10.409847778837031,0.75,-1.999426397452266,-0.49996462950053433,False,≈ P_ME/2
VVV_b278_13685765002625,VVV,168,3268.155862300002,14.078985214233398,0.2932125568389896,0.6316600663137916,0.7108409033475814,1.1237148874402573e-41,14.036724344904785,1.0,True,0.6316722750997273,1.1348402706030913,15.104149379668062,1.0,-1.2208785935774458e-05,-1.932772169531575e-05,True,≈ P_ME
VVV_b278_13599759007805,VVV,55,3132.331240270003,15.28662109375,1.1260231018066396,0.12399559541108057,0.49654299953940984,7.940764756578614e-06,14.992697279872154,0.85,False,,,,,,,False,
VVV_b278_13685773009175,VVV,169,3268.155862300002,14.588014602661133,0.4909322738647468,0.18135247964588774,0.8898379976692,1.875364569893824e-76,9.77315515069891,1.0,True,0.1813524796459071,0.7503327680208922,9.773155150564985,1.0,-1.9345636204093353e-14,-1.0667423043713514e-13,True,≈ P_ME
VVV_b278_13587472000174,VVV,63,3393.982569339998,14.689970970153809,1.038551998138427,0.2154307967837617,0.41040978177631776,6.520839481128627e-05,16.837325592454874,0.85,False,,,,,,,False,
VVV_b278_13653000013424,VVV,63,3243.0794203900005,14.065564155578613,1.4204339027404789,0.10330907874315966,0.2531567520066677,0.06535933274442378,11.234013757329341,0.9,False,,,,,,,False,
VVV_b278_13632521007598,VVV,165,3268.155862300002,14.77536678314209,0.5368232727050781,0.5326967057695271,0.6187461690731152,3.078878809363927e-31,13.420211058647933,1.0,True,0.5326880231618024,1.277268518883218,13.506798966380675,1.0,8.682607724685987e-06,1.6299611305600294e-05,True,≈ P_ME
VVV_b278_13624334002015,VVV,158,3268.1561311900005,14.36564588546753,0.6141585350036625,0.1020166545985495,0.030274868352197087,0.9999999999999888,34.46985415097363,1.0,False,,,,,,,False,
VVV_b278_13628427005194,VVV,168,3268.156239060001,14.121639251708984,0.4917406082153324,0.5928718844941236,0.4042367407170988,4.892438914346777e-16,10.253949507600383,1.0,False,,,,,,,False,
VVV_b278_13628432007609,VVV,53,1963.8174646000043,15.103265762329102,1.1611419677734371,0.11120974333170067,0.39367702322082637,0.00183761918411537,15.441643893092467,0.95,False,,,,,,,False,
VVV_b278_13648903003795,VVV,129,3268.156372880003,14.98541259765625,1.2724288940429673,0.11694115805766041,0.42697526328069213,9.466183642366848e-13,26.490117940165966,1.0,False,,,,,,,False,
VVV_b278_13669392000118,VVV,65,2532.138380739998,14.920025825500488,1.0153972625732415,0.14452420768832608,0.41425072945820923,3.336331864385596e-05,12.9949756328195,1.0,False,,,,,,,False,
VVV_b278_13595657001656,VVV,57,3243.0790429899935,14.918160438537598,0.9728654861450199,0.10795973959939453,0.30564616570189324,0.014817049640417858,14.1001292599959,0.85,False,,,,,,,False,
